Ligand,smiles,MW,Vol,Dense,nHA,nHD,TPSA,nRot,nRing,MaxRing,nHet,fChar,nRig,Flex,nStereo,gasa,QED,Synth,Fsp3,MCE-18,Natural Product-likeness,Alarm_NMR,BMS,Chelating,PAINS,Lipinski,Pfizer,GSK,GoldenTriangle,logS,logD,logP,mp,bp,pka_acidic,pka_basic,caco2,MDCK,PAMPA,pgp_inh,pgp_sub,hia,f20,f30,f50,OATP1B1,OATP1B3,BCRP,BSEP,BBB,MRP1,PPB,logVDss,Fu,CYP1A2-inh,CYP1A2-sub,CYP2C19-inh,CYP2C19-sub,CYP2C9-inh,CYP2C9-sub,CYP2D6-inh,CYP2D6-sub,CYP3A4-inh,CYP3A4-sub,CYP2B6-inh,CYP2B6-sub,CYP2C8-inh,HLM-Stabiliy,cl-plasma,t0.5,BCF,IGC50,LC50DM,LC50FM,hERG,hERG-10um,DILI,Ames,ROA,FDAMDD,SkinSen,Carcinogenicity,EC,EI,Respiratory,H-HT,Neurotoxicity-DI,Ototoxicity,Hematotoxicity,Nephrotoxicity-DI,Genotoxicity,RPMI-8226,A549,HEK293,NR-AhR,NR-AR,NR-AR-LBD,NR-Aromatase,NR-ER,NR-ER-LBD,NR-PPAR-gamma,SR-ARE,SR-ATAD5,SR-HSE,SR-MMP,SR-p53,NonBiodegradable,NonGenotoxic_Carcinogenicity,SureChEMBL,LD50_oral,Skin_Sensitization,Acute_Aquatic_Toxicity,FAF-Drugs4 Rule,Genotoxic_Carcinogenicity_Mutagenicity,Aggregators,Fluc,Blue_fluorescence,Green_fluorescence,Reactive,Other_assay_interference,Promiscuous,Ghose,Veber,Egan,Muegge,log Kp,Brenk,Leadlikeness,Bandgap
1,Cc1nn(C(=O)c2ccc(Cl)cc2)c2c1C1C(C2)C1(C)C,300.1,298.5384345,1.005230702,3,0,34.89,2,4,9,4,0,18,0.111111111,2,1,0.802,3.309,0.412,80,-0.671,0,0,0,0,0,1,1,0,-4.732505162,3.848184389,4.073580485,98.62669943,305.023602,9.782070348,5.05695087,-4.820278722,-4.630453618,0.029680554,0.97990799,0.005003127,1.66E-05,0.00241816,0.020430028,0.33341229,0.997012258,0.985469043,0.007978705,0.999945879,0.913404286,0.94853282,97.84497459,0.085279174,1.660790845,0.071100071,0.084794782,0.97905755,0.943328381,0.975854695,0.735553026,0.118042551,0.010737001,0.625011683,0.968705475,0.035201468,0.008444058,0.979166329,0.176850513,6.980173448,0.409252005,2.420839811,4.752113745,6.522315932,6.172902332,0.314788371,0.736121774,0.597158492,0.419031471,0.627563715,0.752943158,0.226908222,0.726672471,3.21E-05,0.112661675,0.618079364,0.638857901,0.716663241,0.825527728,0.262729347,0.406447679,0.641573071,0.0471511,0.253720254,0.726157486,0.115662895,0.061845683,0.004048693,0.306077182,0.265734136,0.185217485,0.027050918,0.314099282,0.018027846,0.299527258,0.627449512,0.056269486,1,7,0,0,4,2,4,0,0.41,0.13,0.042,0.365,0.025,0.215,0.431,0,0,0,0,-5.2,0,1,4.4
2,Cc1ccc(C2=NC3(CCN(CC(=O)Nc4ccc(Cl)cc4)CC3)NC2=O)cc1,410.15,407.8927319,1.005533975,6,2,73.8,5,4,6,7,0,25,0.2,0,0,0.813,2.783,0.318,76.931,-1.485,0,0,0,0,0,1,1,0,-4.158071865,3.183834423,3.190275759,167.2408753,314.7853893,8.726873694,6.573947298,-4.919178447,-4.52122823,0.04985306,0.998411775,0.461652398,0.000668347,0.29005003,0.06612438,0.998348219,0.98878026,0.74282825,0.001763565,0.999999881,0.994961739,0.744955361,98.15023877,0.019009546,1.622811764,0.006673772,0.985127985,0.963610172,0.874311507,0.664356411,9.66E-10,0.582738101,3.10E-13,0.000765642,1,0.999792278,3.92E-20,0.933689356,0.009880671,2.751215273,1.043504158,0.949312689,3.517347824,5.335247711,4.460378592,0.933478951,0.761535525,0.25921309,0.277201027,0.667930901,0.492876023,0.93757385,0.22036162,1.34E-05,0.011821568,0.919899344,0.661335051,0.942432761,0.271074057,0.317251772,0.974462271,0.998193443,0.024395417,0.056220327,0.767534912,0.007844131,7.34E-06,1.55E-05,9.18E-06,0.064349949,6.22E-06,7.02E-06,0.037161499,0.000149179,0.002375351,0.001880936,0.026737448,1,7,0,0,10,2,7,2,0.584,0.001,0.247,0.836,0.001,0.121,0.059,0,0,0,0,-6.58,0,1,4.2
3,C=CCC1(O)CCC2C3CCC4=CC(=O)CCC4=C3C=CC21C,310.19,341.944472,0.907135589,2,1,37.3,2,4,17,2,0,22,0.090909091,4,1,0.773,4.561,0.571,62.545,2.278,5,0,0,0,0,1,0,0,-3.809306803,3.220700147,3.395855679,114.8937389,271.3423717,9.022081717,6.757102303,-4.605322028,-4.596192507,0.031391054,0.918766677,0.026901342,0.009176135,0.029952288,0.101264954,0.078334749,0.004587514,0.009431499,0.269292772,0.973978639,0.464424491,0.699562192,95.67140638,0.159144782,3.743534672,0.002545025,0.74238497,0.770070612,0.976990759,0.019148542,0.881220341,0.050687212,0.941165388,0.290132701,0.617418587,0.000586642,0.99427408,0.991140068,0.872576475,9.381715701,1.157763768,0.7159125,3.45525145,5.090073803,4.311600702,0.159952059,0.534868479,0.22987324,0.259172201,0.504636884,0.879072726,0.178664848,0.638445258,0.001079583,0.254487425,0.849483252,0.63005209,0.666119933,0.665195644,0.138172343,0.073879741,0.568970084,0.057124719,0.124365263,0.366567224,0.00248867,0.987249196,0.29657644,0.065123834,0.982845068,0.651979268,8.28E-05,0.449580282,0.000801345,0.00898095,0.043326728,0.003849383,4,4,0,0,7,8,5,5,0.17,0.001,0.088,0.14,0.595,0.289,0.052,0,0,0,0,-6.19,1,0,3.9
4,O=C(NC1CCC1)NC1C(O)COC1Cn1cc(CN2CCOCC2)nn1,380.22,361.5944665,1.051509454,10,3,113.77,8,4,6,10,0,21,0.380952381,3,0,0.585,3.763,0.824,75.484,-1.289,0,0,0,0,0,0,0,0,-1.68107382,0.471877046,-0.0881913,154.1124405,310.0506395,7.623244052,4.565476516,-5.389884697,-5.040376694,0.936319828,0.000625658,0.443350852,0.088848948,0.035782099,0.479459345,0.702631861,0.244452342,0.222600996,0.005112011,0.311703056,0.454293758,0.119903199,23.27903637,-0.240405756,78.65466967,5.02E-07,3.84E-09,0.012911074,0.999853492,9.71E-05,0.361945629,0.005099342,0.844020486,0.02925472,0.051388428,0.001757821,9.00E-06,0.992189288,0.976412952,3.759216834,1.677869653,0.306453658,2.860447801,4.338634907,3.389613135,0.205872387,0.200662896,0.813016534,0.400837004,0.27120918,0.245177016,0.718326211,0.400041044,9.34E-07,0.031249911,0.300826043,0.617363334,0.664852321,0.695366919,0.187703207,0.677339256,0.960477948,0.124219567,0.020533705,0.183094472,0.008983484,0.003920041,0.000484553,0.003574981,0.401431769,0.007352171,1.97E-05,0.180845439,0.030013377,0.032721169,0.016956234,0.003378022,3,0,0,0,0,0,0,0,0.061,0,0.008,0.238,0.003,0.555,0,1,0,0,0,-9.81,0,2,5.4
5,CC12CCC(=O)C=C1CCC1C2C(=O)CC2(C)C1CCC2(O)C(=O)COC(=O)CCC(=O)NCc1ccccn1,550.27,561.7466855,0.979569643,9,2,139.73,10,5,17,9,0,31,0.322580645,6,1,0.471,4.355,0.613,119.68,0.608,5,0,0,15,0,0,1,1,-3.687572277,2.301804886,1.932907303,174.9479922,284.1526895,6.882953607,5.077543264,-5.091892225,-4.84907199,0.637128651,0.004999131,0.000136868,0.221615553,0.870536178,0.993545715,0.938740909,0.079440042,0.977922201,5.48E-09,0.99753654,0.874139488,0.507290602,96.93402793,-0.253076155,3.399577071,1.81E-11,0.005346622,3.58E-07,0.988430381,1.50E-07,1.37E-06,2.28E-13,8.69E-11,1.01E-05,0.999713242,1.59E-12,5.92E-14,0.057827454,0.003538685,9.264020007,0.636233622,0.599976999,3.448586523,5.198611824,4.479194104,0.247354493,0.261351466,0.227309778,0.389479131,0.205209732,0.879686892,0.225957349,0.490672171,7.36E-09,0.000501885,0.155484527,0.744674146,0.486554712,0.645574331,0.096342228,0.268075079,0.984660447,0.154162839,0.006913332,0.361832768,1.28E-05,0.860171735,0.00869978,5.58E-05,0.060257003,3.87E-06,1.66E-05,0.015553355,4.67E-05,3.62E-07,5.98E-06,0.000273689,5,4,0,0,12,5,7,5,0.008,0,0.015,0.372,0,0.323,0.051,3,0,1,0,-8.42,0,2,4.8
6,Oc1ccc(CCC2CCC(O)C(O)(c3ccc(O)cc3)O2)cc1,330.15,339.6431824,0.972049542,5,4,90.15,4,3,6,5,0,18,0.222222222,3,1,0.691,3.512,0.368,60.923,1.241,7,0,0,0,0,0,0,0,-2.995167854,2.087941346,1.939121577,157.0986741,317.8034288,8.500893855,6.748766331,-4.9065162,-4.737833459,0.906598806,0.000246769,0.63748312,0.000831246,0.367710531,0.789144203,0.997191956,0.793135524,0.929142118,0.425689965,0.348929882,0.00392165,0.683416307,78.36872674,0.623689982,23.55668664,0.000173729,0.010426885,0.000304229,0.053678941,0.000477632,0.233415633,0.001697231,0.982562542,0.742028534,0.083589129,0.001647602,8.77E-06,0.212349519,0.078285202,14.00443495,1.673333368,1.363927833,3.756981711,4.694569724,4.361917395,0.484000087,0.781555772,0.010691891,0.368429244,0.197989047,0.830424786,0.640052378,0.146049365,0.000180899,0.330349445,0.460185796,0.501685262,0.475848258,0.606324553,0.034937885,0.145825148,0.38400799,0.045316342,0.488212973,0.926231682,0.010983326,0.004293611,0.000439214,0.081680492,0.986430407,0.924198389,0.002137026,0.658034503,0.010118059,0.007887349,0.982785404,0.011197201,3,0,0,0,5,6,8,0,0.021,0.295,0.011,0.145,0.511,0.566,0.143,0,0,0,0,-6.63,0,0,5.6
7,CC(=O)c1c(O)c(C)c(O)c2c1OC1=CC(=O)C(=C(C)NCC3CCCO3)C(=O)C12C,427.16,423.574961,1.008463765,8,3,122.16,4,4,13,8,0,24,0.166666667,2,1,0.38,4.204,0.435,92.485,1.274,12,0,0,0,0,0,1,0,-3.928274443,2.684979588,2.520943099,179.459,296.1418738,6.403262031,4.081082283,-5.316604368,-5.006401541,0.944111168,0.03531101,0.723279595,0.004222631,0.022201777,0.108902693,0.797998458,0.534403563,0.173265144,0.004630764,0.567972064,0.044809315,0.997232616,95.26786295,0.053719246,4.377009796,0.787751496,0.993447721,0.063551441,0.006428538,0.002158582,0.004630848,3.65E-05,0.162817672,0.001111713,0.055594135,0.098661944,5.33E-05,0.03446234,0.871391296,1.31435396,1.132066428,1.252129054,3.966859904,5.43730594,4.896946698,0.03117789,0.27273491,0.516737044,0.544511437,0.459615797,0.356803477,0.790734649,0.405959249,0.000540593,0.774990618,0.693000555,0.587649941,0.126068324,0.362373918,0.481980801,0.383909136,0.94694531,0.095406823,0.461988449,0.321874112,0.213750854,0.000803852,0.000120184,0.027890464,0.090594716,0.001749048,0.00159491,0.923635185,0.009852894,0.043567825,0.937921941,0.475172728,8,4,11,0,12,5,10,5,0.056,0.533,0.535,0.699,0.001,0.971,0.128,0,0,0,0,-5.7,2,2,4.2
8,NCCNC(=O)c1ccccn1,165.09,169.6025547,0.973393356,4,3,68.01,4,1,6,4,0,7,0.571428571,0,0,0.65,1.828,0.25,5,-1.49,0,0,0,0,0,0,0,1,0.144224001,-0.664888823,-0.942978841,129.5986123,250.307065,9.70912072,7.80861466,-5.78192691,-5.666518883,0.319600195,0.013685228,0.962335467,0.027456045,0.011685848,0.013373196,0.146331131,0.196797892,0.283460259,0.019249188,0.056893814,0.399934441,0.364350021,22.65400684,0.191324061,73.49340883,0.553108633,1.73E-05,0.000125059,0.100038603,4.95E-07,0.002718855,0.000475075,0.455262065,0.021569179,0.007739638,7.56E-07,8.61E-08,0.015624437,0.006922807,8.589222923,1.686517776,0.177921305,2.246165612,3.631609007,2.519027476,0.356306165,0.436954826,0.342610359,0.689201236,0.321343511,0.218064994,0.782576919,0.347643703,0.007648722,0.903423429,0.620915413,0.516241133,0.741841793,0.304143161,0.340544313,0.3396433,0.937002003,0.058980893,0.040657174,0.102920592,0.008840855,0.00463617,0.002810935,0.000232776,0.071620949,0.00247072,0.001171752,0.346834064,0.000703184,0.000673276,0.003796159,0.00956004,1,0,0,0,0,0,0,0,0.067,0,0.008,0.296,0.026,0.764,0.23,0,0,0,1,-7.44,0,1,5
9,O=C(C1Cc2[nH]cnc2CN1Cc1ccc(Cl)cc1)N1CCC(Cc2ccccc2)CC1,448.2,459.7299869,0.97492009,5,1,52.23,6,5,9,6,0,29,0.206896552,1,0,0.626,3.034,0.385,86.111,-1.058,0,0,0,0,0,1,1,0,-3.903452533,3.261602369,3.493276101,139.9464433,304.5603563,9.421520017,7.377820136,-5.427767189,-4.81662507,0.000658668,0.989432096,0.493155062,0.001395285,0.000968814,0.020460129,0.01917094,0.114965998,0.035292182,0.018283816,0.999996901,0.968772769,0.960524023,98.79698357,0.182160255,0.965061939,0.513926506,2.42E-05,0.999670267,0.44347927,0.529568553,0.012952464,0.911545932,0.024750739,0.997511268,0.799389303,0.115789905,0.000624448,0.999092937,0.760932326,5.641884544,0.56238696,1.667976475,4.079968673,5.438781474,4.956443842,0.95544517,0.883217394,0.163515747,0.12695922,0.367160022,0.842868209,0.211290196,0.070028402,1.58E-10,7.14E-05,0.598891675,0.745746434,0.856281161,0.963524282,0.041853521,0.206683487,0.616216242,0.012602305,0.206709146,0.970576942,0.000672799,0.000524178,2.99E-05,0.008689416,0.076432519,5.82E-05,1.08E-05,0.479764521,2.67E-06,0.180295706,0.000969606,0.0046324,1,7,0,0,0,2,0,0,0.377,0.001,0.006,0.612,0.001,0.274,0.001,1,0,0,0,-5.92,0,2,5.1
10,O=C(O)c1ccc(CN2CCN3C(=O)N(C4CCCCC4)CC3C2)cc1,357.21,366.4289955,0.974840977,6,1,64.09,4,4,9,6,0,24,0.166666667,1,0,0.9,2.738,0.6,77.438,-0.828,0,0,0,0,0,0,0,0,-2.598310211,1.824830397,1.459460052,211.9480208,306.2325501,5.097352377,6.376112108,-4.983516901,-4.685774564,0.190681502,0.303345799,0.891850054,0.1620031,0.027696013,0.102645338,0.036581755,0.020266352,0.036963906,0.005740748,0.889409781,0.06655556,0.998386145,93.83786436,-0.445721515,8.652722842,7.86E-06,0.146371335,0.016206719,0.991338491,0.000104532,0.016534626,0.052696001,0.00056036,0.000100253,0.947847009,8.64E-06,0.004220894,0.001313288,0.002527141,1.722783948,1.180532986,0.192686808,2.928644069,4.248478715,3.408854,0.66252017,0.162255391,0.51237309,0.234960318,0.283499151,0.716995239,0.457895309,0.188325465,0.000485135,0.032698385,0.857465148,0.810601473,0.901838124,0.803389728,0.427883923,0.911530077,0.603996217,0.05536012,0.028566882,0.273088247,0.000461818,0.132654637,1.33E-05,0.111166194,0.09144222,0.002690058,0.06654273,0.822978139,0.081597984,0.362338632,0.064534672,0.002546722,0,0,0,0,0,0,12,0,0.016,0.001,0.108,0.348,0.001,0.773,0,0,0,0,0,-8.52,0,1,4.4
11,CN(CC1CCCN2CCCCC12)C(=O)Cn1cnc2c(N(C)C)nc(Cl)nc21,419.22,408.0466521,1.027382526,8,0,70.39,6,4,10,9,0,22,0.272727273,2,0,0.692,3.593,0.7,81.176,-0.947,0,0,0,0,0,0,1,0,-2.934132958,2.217596879,2.004780867,154.4143758,269.2338338,7.887770104,7.412848453,-4.63327475,-4.982599215,0.803719461,0.000111799,0.0005632,6.32E-06,0.000491619,0.00297612,0.79472743,0.979584038,0.996897697,0.000147217,0.18325001,0.999507785,0.995696664,48.97697687,0.3065617,46.30200993,7.79E-12,0.000212246,4.60E-10,1,1.20E-09,1.25E-11,0.997425318,0.043927945,1.71E-05,0.999999881,0.993627429,0.000463528,1.67E-06,0.99879241,7.98241881,0.685160117,0.56539079,3.350385262,4.744779283,4.15483082,0.4280563,0.559298158,0.784869969,0.451608002,0.696110547,0.641631901,0.482596159,0.371531337,8.77E-06,0.031383533,0.858296394,0.628365278,0.955973506,0.857169151,0.328963101,0.786794543,0.988678515,0.037575658,0.010358102,0.514901876,3.39E-06,4.16E-05,3.33E-07,0.000418112,0.001395482,1.31E-07,1.97E-06,0.000447669,0.080408223,2.12E-06,7.89E-06,0.022571364,2,0,7,0,7,2,12,4,0.118,0,0.432,0.544,0.001,0.016,0.002,0,0,0,0,-6.88,0,1,5.1
12,C=CCc1c(O)ccc2nc3n(c(=O)c12)CCCCC3,270.14,283.3780671,0.953284786,4,1,55.12,2,3,15,4,0,19,0.105263158,0,1,0.853,2.621,0.375,39.273,-0.203,17,0,0,0,0,0,0,0,-3.55279783,2.588036594,2.63084298,172.6649179,313.7575632,9.975847842,5.945227889,-4.595110117,-4.696470576,0.032552451,0.16666764,1.72E-05,0.05896014,0.946998414,0.966239531,0.562617779,0.913644195,0.967574537,0.225078285,0.962732494,0.000107332,0.55102253,92.78747331,0.577402888,7.373465789,0.995703161,0.103310563,0.38434422,0.017675733,0.004153776,0.87167114,0.015320692,0.93463999,0.055289775,0.001582848,0.036699899,0.028328875,0.935889721,0.387806475,7.232463486,0.682211415,1.414550556,3.933605245,5.166901827,4.677561152,0.123483725,0.660442531,0.550986946,0.709902227,0.492647111,0.582006454,0.908916473,0.593905985,0.055848446,0.919758201,0.986477256,0.478895158,0.883383989,0.277822793,0.313647509,0.303385139,0.696592867,0.072691873,0.241094738,0.591076732,0.079685554,0.008204113,5.43E-05,0.113225512,0.154266447,0.002198988,0.005738266,0.253484964,0.001283874,0.019759988,0.054651577,0.001714637,0,0,0,0,0,0,12,0,0.058,0.081,0.557,0.352,0.006,0.186,0.062,0,0,0,0,-6.02,1,0,4.4
13,CC1=CC(CNC(=O)c2ccccn2)C(C(C)C)CC1CC(=O)N1CCCC1,383.26,415.4467243,0.922525026,5,1,62.3,8,3,6,5,0,19,0.421052632,3,1,0.762,3.527,0.609,61.784,-0.718,0,0,0,0,0,1,0,0,-3.664095545,3.614225221,3.695615837,81.43362324,295.6476327,9.572513389,5.275715419,-4.794293013,-4.889603352,0.006536075,0.664179027,0.092729688,4.99E-05,0.00019604,0.000794947,0.137597501,0.669410706,0.62167418,0.002708209,0.975573003,0.225264832,0.895914018,79.53015604,-0.03414305,20.74860938,2.98E-05,0.004781567,0.177783161,0.996822596,0.597990036,0.007714021,3.01E-05,0.204768911,0.108516864,0.992514074,0.005700989,0.000530697,0.960335016,0.973602414,7.086559678,0.222001194,0.500102408,3.250368856,4.981039694,4.132096958,0.302277803,0.497475445,0.451832294,0.202888921,0.466847539,0.498908758,0.132740691,0.19372271,1.93E-07,0.020894539,0.271636546,0.636926234,0.839090228,0.727440953,0.209894031,0.394398928,0.962228715,0.047173832,0.041452449,0.335509539,0.000197935,5.45E-06,6.53E-06,0.00054604,0.175308943,0.002988155,6.91E-05,0.503734171,0.000180583,0.000217104,0.001549968,0.000290149,0,0,0,0,0,0,4,0,0.057,0.011,0.008,0.217,0,0.146,0.001,0,0,0,0,-6.39,1,2,4.8
14,O=C(c1noc2c1CCCCC2)N1CCC2(CC1)OCCO2,306.16,300.3114389,1.019474986,6,0,64.8,2,4,10,6,0,23,0.086956522,0,0,0.742,3.167,0.75,77.143,-1.381,0,0,0,0,0,0,0,0,-2.200922907,1.987453766,1.6578449,91.36912143,230.9582247,5.977098213,6.446882764,-4.547255085,-4.706475263,0.488649786,0.176757231,0.070926927,0.033995211,0.10929805,0.113621235,0.529359818,0.610910237,0.336979508,0.051174462,0.654596686,0.973568499,0.90116173,67.45971642,0.076905743,29.53132734,0.191506892,0.995419025,0.880020201,0.723123312,0.137249634,0.857958674,0.001975447,0.924871147,0.279091954,0.530285299,0.727119803,0.612299085,0.067020409,0.988565624,6.165515835,0.331779757,0.566431251,3.14175415,4.783036925,3.960911567,0.256567061,0.597473264,0.99682653,0.550013661,0.495886117,0.832235217,0.184747294,0.452199966,1.20E-06,0.016186165,0.942175627,0.942442775,0.492980778,0.864913106,0.534089148,0.709880829,0.991082668,0.130860746,0.035717189,0.528838873,2.58E-06,0.001087341,1.88E-06,0.081725858,0.001668122,1.90E-05,0.001021156,0.150780201,0.029763335,0.000596205,0.000118902,0.005009405,3,0,0,0,5,0,0,0,0.005,0.017,0.009,0.77,0.005,0.243,0,0,0,0,0,-6.83,0,0,5.8
15,OC12CCCCC1CN(c1ncnc3[nH]cnc13)CC2,273.16,269.7026104,1.012819266,6,2,77.93,1,4,10,6,0,21,0.047619048,2,0,0.823,3.667,0.643,75.652,-0.196,0,0,0,0,0,0,0,0,-2.658107631,1.687772274,1.17389864,211.632961,301.110369,9.636530381,4.79854123,-4.735067443,-4.854063049,0.498256356,0.0507061,0.210826874,0.078616917,0.043867767,0.032169819,0.260904014,0.390092373,0.598522305,0.335413307,0.915488183,0.54082799,0.894522846,50.12602197,-0.033451886,44.28312744,3.84E-07,4.03E-05,5.36E-09,6.60E-07,1.35E-07,0.063707113,8.24E-06,7.89E-05,0.01707107,0.183847368,2.91E-05,2.69E-09,5.61E-05,0.692687631,12.74964217,2.142044176,0.208113585,2.649604395,4.043753079,3.15819562,0.115633242,0.341891706,0.87190932,0.556967795,0.546470642,0.33770293,0.296430409,0.490032852,0.001366817,0.848830283,0.845881104,0.807534337,0.768912494,0.713360786,0.602925658,0.583394051,0.775022089,0.092673287,0.135321423,0.293578088,0.006839478,0.006777104,0.000189014,0.905762494,0.015988735,0.001854589,0.957222283,0.564508498,0.387007147,0.002380495,0.814743876,0.523362815,0,0,0,0,0,0,0,2,0.028,0.025,0.074,0.109,0.005,0.868,0.067,0,0,0,0,-6.88,0,0,5
16,CSCC(=O)Nc1nc2c(s1)CC1C(C)(CO)C(O)CCC1(C)C2CC(=O)NCCN(C)C,498.23,486.3149056,1.02450078,8,4,114.79,11,3,13,10,0,17,0.647058824,5,1,0.411,4.26,0.783,81.366,-0.458,18,0,0,0,0,0,1,0,-2.993000263,2.135298622,1.63118607,146.116278,280.2358064,7.54170294,6.544766781,-5.484925905,-5.152638613,0.986676574,0.000275828,0.994568706,0.509210467,0.080596089,0.419348717,0.997703721,0.010989492,0.107988022,3.78E-05,0.014928919,0.314818233,0.81375277,49.84058909,0.197831025,51.11496817,0.000271095,0.147130534,0.00053459,0.889406204,3.38E-07,0.000111771,4.13E-06,0.960430801,0.000157157,0.74082911,1.24E-06,6.91E-13,0.002155277,0.023388742,7.889654272,1.02470562,0.511871254,3.520556934,5.444507739,4.603646436,0.642869651,0.532218516,0.687686443,0.515609741,0.389706343,0.226986274,0.998431742,0.506051183,3.29E-10,6.03E-05,0.430528909,0.402345747,0.510515392,0.874665558,0.079534054,0.386239141,0.998365462,0.062589265,0.125521928,0.362158328,0.000135627,0.044392101,6.61E-05,4.31E-06,0.014124504,7.16E-07,1.50E-08,0.078839794,0.002557138,9.20E-05,4.12E-06,0.00098627,1,0,6,0,9,0,6,2,0.026,0,0.062,0.461,0.46,0.112,0.002,3,2,1,1,-8,0,2,4.4
17,C#CCN(C)Cc1nc(C2(O)CCN(Cc3ccc(F)cc3)CC2)cs1,373.16,376.7086661,0.990579813,4,1,39.6,6,3,6,6,0,18,0.333333333,0,0,0.791,2.819,0.45,42.207,-1.584,3,0,0,0,0,0,0,0,-3.370532385,2.833915579,2.748370624,140.3866181,270.0410175,8.675029382,7.89012018,-5.046960333,-4.434893115,0.047162037,0.000150027,0.002183875,0.009637654,0.008584917,0.004085243,0.869517848,0.016438883,0.013955337,0.000929719,0.906510592,0.998255908,0.004327268,87.94554507,0.372143596,13.83374813,6.18E-06,0.999578178,4.70E-08,0.991862178,2.56E-08,7.78E-07,0.513617933,0.003846072,4.69E-06,0.998264253,9.42E-05,3.20E-06,4.15E-07,0.007987265,8.832768908,1.03389765,0.399835867,3.066177497,4.515097986,3.701217544,0.745049357,0.621696353,0.018312057,0.370261967,0.619584978,0.752778113,0.788490951,0.676246285,0.002904864,0.008082395,0.996873558,0.708022237,0.955935657,0.712768257,0.132686138,0.986548245,0.980209768,0.081260286,0.016370706,0.571767211,0.000186292,0.001189567,0.00028368,0.000591576,0.074185215,8.55E-07,4.25E-06,0.868425488,0.000468102,0.054489013,0.000140736,0.001388387,2,7,3,0,0,2,8,0,0.023,0.004,0.022,0.218,0.001,0.975,0.018,0,0,0,0,-7.11,1,1,4.6
18,Cn1ccnc1CN1CCC(C)(O)C(NC(=O)c2ccc(F)cc2)C1c1cccs1,428.17,419.8947062,1.019708021,6,2,70.39,6,4,6,8,0,23,0.260869565,3,0,0.655,3.696,0.364,80,-1.272,3,0,0,0,0,0,1,0,-2.971162148,2.039573173,1.632569321,165.3556953,288.1079488,8.638737839,6.573932028,-5.160189113,-4.700917808,0.157311499,0.005728465,0.369315028,0.004894733,0.003529072,0.12230581,0.02967447,0.026073122,0.120509967,0.000312632,0.964913845,0.91106379,0.892732739,96.42780051,0.06705131,2.637832177,0.004251897,0.536386192,0.061426621,0.998401582,0.001313864,0.910139143,0.000393677,0.088928118,0.002482561,0.98512876,0.092829108,0.000252909,0.344710469,0.008578478,5.136475855,0.741927001,0.260298051,2.942187955,4.298102167,3.509071973,0.2476594,0.498054713,0.882361948,0.583348989,0.423870444,0.383167595,0.24051924,0.668923259,1.02E-05,0.049740203,0.753168941,0.713704467,0.793567538,0.772906542,0.167244971,0.928740203,0.999332607,0.044349249,0.02548185,0.499408126,0.000318225,8.43E-06,1.79E-08,1.36E-07,0.019005906,1.13E-07,5.96E-09,0.079807855,4.71E-06,1.07E-05,4.98E-08,9.73E-07,1,7,0,0,0,2,11,0,0.087,0.007,0.007,0.371,0.001,0.361,0,0,0,0,0,-7.52,0,1,5.1
19,COCCNC(=S)NCC1CC2CCN1CC2CN1CCN(c2ccc(F)cc2)CC1,449.26,449.9430609,0.998481895,6,2,43.01,10,5,6,8,0,22,0.454545455,4,0,0.463,4.285,0.696,74.846,-1.686,11,0,0,0,0,0,1,0,-2.560446616,2.290998385,2.008777728,136.8871644,242.9725309,8.629541832,8.442766961,-5.417070609,-4.918485987,0.004860553,0.87750268,0.984520137,0.001660705,0.014773309,0.017285645,0.015381634,0.31185025,0.572380841,3.08E-06,0.990157664,0.999790847,0.994264185,71.18871153,0.210399815,27.12493155,9.34E-11,0.43398422,0.631490469,0.104155697,0.005993363,1.56E-08,0.996255279,0.366272986,0.00015838,0.999999762,0.9867872,5.38E-10,0.004419058,0.017277857,6.181134855,0.726182314,0.576016581,3.184748759,4.714847726,3.85364611,0.963081479,0.839104712,0.632749557,0.652732491,0.723764598,0.82725966,0.088138029,0.751077354,8.30E-08,0.000369203,0.848776817,0.829786181,0.929477513,0.94814074,0.176145062,0.983081758,0.994209647,0.067002624,0.105319649,0.787917972,0.000355319,0.000177509,0.00051034,4.88E-05,0.438381374,0.008507852,6.40E-05,0.708385289,0.000868935,0.162582725,0.001510229,8.72E-05,4,8,6,12,0,2,14,2,0.805,0,0.025,0.861,0.001,0.025,0,1,0,0,0,-7.32,1,2,4.7
20,COCC(=O)NCC1C=C(C)C(CC(=O)N2CCN(c3ccccn3)CC2)CC1C(C)C,442.29,469.8256823,0.941391705,7,1,74.77,10,3,6,7,0,20,0.5,3,1,0.627,3.627,0.64,64.415,-1.245,7,0,0,0,0,1,1,0,-3.634746575,3.239601995,3.193027014,115.4854715,279.5211195,8.409120583,6.481726277,-5.072783404,-4.878109758,0.030800806,0.035252061,0.727952302,0.000312448,0.002720118,0.002365232,0.539014816,0.51354301,0.589817762,3.30E-05,0.984190404,0.334779441,0.977135181,86.86679101,-0.125619122,11.47608304,0.000569278,0.000148185,0.999941468,0.999994874,0.802759647,0.964758039,0.643774569,0.958204091,0.768042564,0.999997854,0.575663269,0.000221035,0.995028436,0.999926329,5.878019277,0.356765526,0.311892007,3.056092877,4.593408504,3.664464289,0.393953621,0.502408504,0.184599549,0.267405331,0.707698345,0.346384168,0.202814206,0.515703678,8.98E-07,0.008886685,0.511904061,0.574858487,0.809733212,0.61034447,0.151692957,0.652422369,0.902376652,0.063370317,0.039641608,0.230971381,7.29E-06,1.10E-07,1.60E-08,2.68E-06,0.020319464,9.72E-06,4.57E-07,0.018079039,2.55E-07,1.71E-05,2.50E-05,1.29E-06,4,0,0,0,0,0,0,2,0.057,0,0.021,0.531,0.001,0.103,0,1,0,0,0,-7.23,1,2,5
21,O=C(CC1(n2cccc2)CCCCC1)NCCc1c[nH]cn1,300.2,316.5138055,0.948457839,5,2,62.71,7,3,6,5,0,17,0.411764706,0,0,0.861,3.157,0.529,36.923,-0.707,0,0,0,0,0,0,0,0,-2.160256744,1.838106968,1.81033602,144.6880206,327.0247543,11.07871196,6.704944266,-5.435753428,-5.028360363,0.200923339,0.272966325,0.783325613,0.059856713,0.047742665,0.115003645,0.287884474,0.224941894,0.340407193,0.0076516,0.888048649,0.495684654,0.474984705,74.78148412,-0.233442201,24.74693128,4.06E-05,0.001133172,0.001022175,0.502861083,3.66E-06,0.629925549,1.91E-06,0.128843933,0.023018353,0.001152265,0.002129512,5.79E-06,0.000121442,0.39705354,8.558611388,0.637097863,0.374318715,3.122142831,4.431212332,3.769370036,0.138042897,0.410992384,0.313939184,0.169897705,0.374623209,0.516988277,0.036532123,0.328930169,2.07E-06,0.025594097,0.555266619,0.628823757,0.964746535,0.579428256,0.333755821,0.252648115,0.985785663,0.022522785,0.016143261,0.11938259,0.001628321,0.041281197,0.000533217,0.320233852,0.011002457,0.003463493,0.21924983,0.908498764,0.096852645,0.028429875,0.191324413,0.023249611,0,0,0,0,0,0,4,0,0.169,0,0.009,0.18,0.001,0.397,0.002,0,0,0,0,-7.01,0,0,5.6
22,O=C1CC(c2ccc3nccnc3c2)c2cn(Cc3ccccc3)c3cccc(c23)N1,404.16,425.4166241,0.950033396,5,1,59.81,3,6,12,5,0,33,0.090909091,1,1,0.455,3.027,0.115,91,-0.799,0,0,0,0,0,1,1,0,-4.903211736,3.917881298,4.029239707,167.8317564,370.6634941,10.30852401,5.376810097,-4.709653522,-4.470351807,0.089210585,0.913438976,0.099725455,0.00019604,0.001174748,0.026734531,0.253302455,0.846221745,0.918046534,0.155196428,0.999724329,0.287064999,0.339737058,98.84602617,-0.178605895,0.924176708,0.85847944,0.787355483,0.850551188,0.023565937,0.525262475,0.06002184,0.148008794,0.01090549,0.997686267,0.998714447,0.993166029,0.000590608,0.961905003,0.094051272,6.163221755,0.548185147,1.742776706,4.236147975,5.189312169,5.114230397,0.703165829,0.733309329,0.988204479,0.939902902,0.5578264,0.926295817,0.577364862,0.874325633,5.02E-07,0.072434463,0.923406303,0.913917482,0.997216582,0.89298743,0.746777654,0.977750897,0.998787701,0.162910372,0.193750441,0.846027851,0.349438608,0.019744987,0.001652934,0.008985098,0.002095609,3.93E-06,0.011243882,0.255980402,0.002091465,0.004356449,0.121682435,0.026580133,0,3,0,0,5,0,12,4,0.944,0.119,0.526,0.632,0.002,0.365,0.057,0,0,0,0,-6.3,0,1,3.5
23,Cn1c(=O)c2c(nc(NCCN)n2Cc2ccc(F)cc2)n(C)c1=O,346.16,330.7962095,1.046444881,8,3,99.87,5,3,9,9,0,18,0.277777778,0,0,0.677,2.38,0.312,19,-1.683,0,0,0,0,0,0,0,0,-2.592391996,1.48645282,1.173543994,153.9799382,292.3207494,9.161782998,6.567628348,-5.741151411,-5.333672254,0.080093369,0.19183822,0.998134613,0.002491593,0.000807822,0.000195682,0.001733601,0.440350473,0.11653161,0.001196574,0.957481563,0.968669593,0.614456832,80.83196507,0.77003577,12.61320208,0.004318467,0.985333145,0.006738578,0.998337865,0.562368572,0.026708055,0.019363467,0.145026371,0.775419712,0.99231863,0.131657973,0.09743581,0.022951847,0.0283862,0.789097315,1.273282858,0.604277061,3.24270404,4.715313783,4.10125163,0.710530162,0.70388186,0.679231465,0.649387956,0.371156752,0.570378125,0.226322979,0.596445978,5.14E-05,0.066438362,0.741498113,0.639961898,0.987786293,0.679124355,0.28632021,0.823804557,0.998128593,0.057194617,0.336853951,0.517297029,0.047800627,0.000280793,2.59E-07,0.000407202,0.002470086,2.27E-06,2.29E-08,0.002306292,0.136379778,3.11E-05,1.91E-05,0.000160961,1,7,0,0,4,2,5,2,0.11,0.006,0.034,0.318,0.005,0.008,0.024,0,0,0,0,-7.96,0,0,4.6
24,Cc1nn(-c2ccc(C(F)(F)F)cc2)c(C)c1C1C=CC(NC(=O)c2cccnc2)C1,426.17,416.75364,1.022594548,5,1,59.81,6,4,6,8,0,23,0.260869565,2,0,0.613,3.421,0.261,80.172,-1.324,0,0,0,0,0,1,1,0,-4.970973469,3.59328182,4.016470039,149.3051876,330.5067251,9.657162556,5.18933808,-4.804877107,-4.794969055,0.235991061,0.304370731,0.090688013,1.19E-07,0.000874102,0.007012904,0.007139981,0.036994461,0.025514811,4.22E-08,0.987232685,0.998138905,0.999895334,97.69812538,0.384281252,2.106150148,0.992376626,0.871073604,0.986802518,0.814872921,0.996897101,0.631006479,5.34E-05,0.378375143,0.999878287,0.989968359,0.861136079,2.66E-05,1,0.461262822,5.006177629,0.667354785,1.01454937,3.516358857,4.882549686,4.342005295,0.532798171,0.462691903,0.955707192,0.217615962,0.512219548,0.832640946,0.168568045,0.385178328,1.22E-05,0.394152611,0.69960618,0.889454782,0.853948593,0.686736882,0.282243639,0.907100201,0.998546243,0.137628943,0.182773575,0.594326198,0.048544124,0.000526149,2.66E-05,0.005627348,0.606932998,0.000510996,0.00073889,0.03283757,9.21E-05,1.63E-05,0.004948507,7.35E-05,2,0,0,0,6,4,13,0,0.447,0.06,0.002,0.604,0.002,0.027,0.009,1,0,1,0,-5.83,1,2,4.6
25,Cc1ccc(CNC(=O)CSc2nc3c(=O)[nH]cnc3n2-c2ccc(C)cc2)cc1,419.14,416.914531,1.00533795,7,2,92.67,7,4,9,8,0,24,0.291666667,0,0,0.469,2.435,0.182,22,-1.784,7,0,0,0,0,0,1,0,-3.828863415,2.018092689,1.729076321,242.5794732,324.4840365,6.995762573,3.603975649,-5.019899765,-4.735098679,0.975663781,0.98453182,4.57E-05,0.058900416,0.008033216,0.030281186,0.044268191,0.963431001,0.931759477,8.05E-08,0.999994397,0.014151296,0.781963348,95.64795973,-0.251652913,3.505776555,5.01E-07,0.033522245,0.999982357,0.611399353,0.989284813,0.262948602,0.9981457,0.000990314,0.999989629,0.603541672,0.049318828,5.68E-10,0.88934952,0.999964595,2.794016707,0.734758308,1.162144379,4.141010541,5.115592993,4.998017589,0.781300783,0.776235521,0.99528271,0.512126565,0.27964589,0.249085292,0.882647991,0.53572458,6.96E-09,0.01043226,0.182627648,0.555617154,0.922506809,0.355734438,0.167796046,0.749689937,0.998676121,0.03660379,0.044587743,0.620082796,0.027574055,0.004054126,0.000378185,0.021790221,0.023899173,0.000185859,0.01303766,0.226302251,0.020168945,0.007532415,0.112206161,0.076973692,0,0,0,0,6,0,16,0,0.784,0.101,0.15,0.533,0.002,0.173,0.001,0,0,0,0,-6.35,0,2,5.1
26,Nc1ncncc1-c1noc(C2CCCN2Cc2ccc(C(F)(F)F)cc2)n1,390.14,357.540153,1.091178142,7,2,93.96,5,4,6,10,0,22,0.227272727,1,0,0.729,3.01,0.333,76.667,-1.574,7,0,0,0,0,0,0,0,-4.308833493,3.313112033,3.293371396,146.853379,290.9049677,8.088301028,5.669420276,-4.743619349,-4.803983679,0.02075289,0.85701251,0.041766703,0.00317359,0.009028196,0.307865202,0.104929686,0.732243359,0.690866649,0.016498787,0.980340719,0.909817576,0.981897175,91.20295702,0.642275715,7.537610164,0.008667923,0.463397563,0.471529514,0.099250205,0.062326942,0.007445599,0.003433337,0.00120274,0.975166678,0.111065157,0.024280515,4.77E-05,0.993160605,0.047249909,8.319134302,0.757819553,1.949664004,3.843192213,5.314035668,4.711182084,0.691982508,0.750202954,0.977347195,0.250405788,0.700963259,0.940206826,0.025415052,0.422920763,1.85E-07,0.023224801,0.970405221,0.916973531,0.982128978,0.964294255,0.325922877,0.713774145,0.999555409,0.168771058,0.401914537,0.891332746,0.006739663,0.148241535,0.013084386,0.138688877,0.156658217,4.03E-05,0.001067431,0.075963281,0.039285872,5.68E-05,0.005679985,0.05940165,1,0,0,0,2,4,0,2,0.027,0.004,0.084,0.435,0.003,0.336,0.005,0,0,0,0,-6.9,0,1,4.6
27,COc1ccc(CCNC(=O)c2ccc(Cn3c(=O)c4ccccc4n(Cc4cccc(C)c4)c3=O)cc2)cc1OC,563.24,591.2321942,0.952654483,8,1,91.56,11,5,10,8,0,32,0.34375,0,0,0.269,2.316,0.206,29,-1.024,7,0,0,0,0,0,1,1,-5.674186763,3.98918056,4.225888051,120.4816183,354.4146735,10.81468564,4.309979694,-5.097306065,-4.641852681,0.001840462,0.996872008,0.080733471,0.002184033,0.000422776,0.000309825,0.000146985,0.567109287,0.170800239,5.26E-05,0.999952078,0.002160058,0.516594827,96.95330698,-0.120533333,2.89244057,0.965282083,0.205687106,0.999979854,0.999943852,0.999999523,0.000919428,0.016927034,0.002323399,0.999999881,0.785217464,0.829428971,4.78E-08,1,0.988730013,5.524150903,0.860691557,0.902292643,4.636094397,5.736785632,5.676622692,0.900573909,0.902843416,0.935534835,0.719225466,0.053967182,0.883677185,0.364995986,0.635219932,2.39E-08,0.009488571,0.324176759,0.776231587,0.994321465,0.735646725,0.572235107,0.650654554,0.999563873,0.083187453,0.395539433,0.84251827,0.007253281,0.000274153,1.13E-05,0.011389117,0.150008366,6.02E-05,5.77E-06,0.014933289,0.000861112,0.00889131,0.010822777,0.047154494,0,0,0,0,10,0,7,0,1,0.364,0.022,0.979,0.001,0.421,0.001,3,1,0,1,-5.95,0,3,4.6
28,FC(F)(F)c1ccc(CN2CCC(c3nc4ccccc4s3)C2)cc1,362.11,343.2043523,1.055085687,2,0,16.13,4,4,9,6,0,21,0.19047619,1,0,0.628,2.521,0.316,73.04,-2.029,3,0,0,0,0,1,1,0,-5.199187498,4.04532836,4.823010393,163.509525,328.5572877,10.13336059,7.292979903,-4.914446138,-4.692748534,0.060111094,0.939690948,0.204029039,0.007542968,0.0809865,0.380542159,0.121980965,0.35733974,0.545895994,0.000867784,0.979511023,0.960288167,0.976228356,98.41423499,0.589654036,0.961982779,0.446139514,0.999968886,0.998837888,0.997683525,0.992287397,0.060364332,0.999962091,0.980126083,0.966580272,0.999457777,0.50813663,0.018355345,0.665231705,0.922028422,8.094796197,0.517663633,2.280482915,3.935318795,5.673117878,4.963158409,0.941088498,0.857095659,0.359392524,0.280571133,0.776016474,0.817654133,0.263162673,0.431686312,0.000432685,0.033310011,0.957460463,0.862040937,0.959244907,0.765520513,0.213367105,0.888840079,0.999160528,0.107806772,0.3341133,0.845992148,0.913060009,0.02458341,0.033953801,0.118328974,0.613774538,0.000354206,0.361073554,0.962636292,0.426895916,0.021209585,0.933240652,0.081352822,1,0,0,0,10,3,12,0,0.912,0.057,0.023,0.973,0.003,0.269,0.016,1,0,1,1,-4.95,0,2,5.4
29,O=C(NC1CCN2C(=O)N(c3ccc(Cl)cc3)C(=O)C2C1)c1cnccn1,385.09,358.4957785,1.074182802,8,1,95.5,4,4,9,9,0,25,0.16,2,0,0.813,3.143,0.278,75.565,-1.691,0,0,0,0,0,0,0,0,-3.692674255,1.683709117,1.564198352,235.5133751,315.140454,7.543831567,2.090979859,-4.784145661,-4.61401963,0.779829264,0.151945025,0.059082851,0.002973735,0.006276548,0.010001838,0.067020595,0.59442246,0.43828845,0.002670594,0.995187283,0.032267019,0.330741674,81.68197913,-0.010198024,15.32593385,0.007121055,0.978808165,0.077888466,0.883961737,0.005686411,0.999991059,0.000203788,0.838817537,0.756026566,0.999745071,0.044294171,0.010070479,0.208866909,0.253022671,1.420872481,1.383729551,0.163693158,2.785237769,4.764358582,3.454291252,0.552255511,0.635863662,0.991099775,0.165024832,0.418763816,0.536431253,0.151483685,0.266398132,1.66E-08,0.00429889,0.484882623,0.845000088,0.975924194,0.851493061,0.726682544,0.929234087,0.999997735,0.018692801,0.029681304,0.744995177,0.167613611,0.00824191,0.005631923,0.040087458,0.109358706,0.003162429,0.004238455,0.399543971,0.006556175,0.011503247,0.078065328,0.036258969,1,7,0,0,10,2,18,2,0.032,0.001,0.007,0.353,0.005,0.095,0,0,0,0,0,-7.76,1,1,4.4
30,CC(=O)NCCNC(=O)C1CN2CCC1CC2Cn1cc(CN)nn1,349.22,343.634788,1.016253337,9,4,118.17,9,4,5,9,0,16,0.5625,4,0,0.527,4.516,0.75,59.5,-1.382,0,0,0,0,0,0,0,0,-0.81961242,-0.132211701,-0.767531225,158.2746522,304.8389007,7.382687949,7.599502593,-5.869951046,-5.43301768,0.98118639,5.81E-05,0.999619722,0.44761157,0.019097328,0.081785142,0.383716226,0.009267024,0.104177281,3.00E-07,0.004624197,0.003486402,0.355536938,10.43496176,-0.424226052,86.22346669,1.63E-09,0.004126843,9.24E-11,0.838872612,1.02E-14,0.001525335,2.34E-06,0.670428753,1.87E-05,0.084805734,1.79E-05,8.30E-11,3.36E-06,2.13E-05,5.209358539,1.024808803,0.070419034,2.693106083,4.291557007,3.32846589,0.631052971,0.577235878,0.308159322,0.567170262,0.1745812,0.919125259,0.223373383,0.363594025,1.05E-10,2.21E-05,0.342725426,0.81292671,0.904767513,0.994070232,0.33698684,0.28488785,0.99998343,0.043958865,0.014780928,0.585594475,0.002819082,0.027942535,0.002893334,0.000828024,0.680595756,0.000930494,0.000118363,0.863092721,0.034145638,1.76E-05,0.000416142,0.00055368,0,0,0,0,2,0,10,0,0.076,0,0.005,0.272,0.009,0.088,0.031,1,0,0,1,-10.04,0,1,6.1
31,S=C(NCC1CC2CCN1CC2CN1CCCCC1)Nc1ccc(-n2cccn2)cc1,438.26,449.548644,0.974888938,6,2,48.36,8,6,6,7,0,27,0.296296296,4,0,0.675,4.323,0.583,87.158,-2.054,10,0,0,0,0,1,1,0,-3.197985839,3.045986247,3.161268224,146.4341448,289.1365614,9.705270915,8.433808259,-5.512837128,-5.439742795,0.117880709,0.29840675,0.001446426,6.79E-06,0.000899315,0.004299581,0.019154131,0.103929311,0.81246835,4.98E-08,0.995560408,0.988774061,0.95417124,71.51548533,0.416224702,27.5717283,3.57E-13,1.07E-08,5.59E-07,0.03032231,1.39E-06,8.99E-13,0.998780549,0.121102057,8.37E-06,0.999998689,0.836230993,4.45E-13,0.998615146,0.40781045,6.03424727,0.634339905,1.204617859,3.604858922,4.254825025,4.163049465,0.938271701,0.87959975,0.64071095,0.445009649,0.51660639,0.878867447,0.100861408,0.670433283,5.59E-07,0.003572296,0.884667397,0.676847696,0.925780356,0.91076535,0.03909165,0.781461239,0.935433686,0.072153546,0.156793594,0.84119004,0.002389268,9.76E-05,8.32E-05,0.085638911,0.077394716,9.85E-05,0.001405834,0.675225735,0.16801165,0.148486301,0.031480465,0.038757697,0,1,6,0,5,0,21,2,0.971,0,0.017,0.861,0.001,0.145,0.007,1,0,0,0,-6.66,1,2,4
32,C=C(C)C1CC=C(C2CCC(C)(NC)C3CCC(C)=CC23)CO1,315.26,357.9803825,0.880662783,2,1,21.26,3,3,10,2,0,18,0.166666667,5,1,0.766,4.96,0.714,49.611,2.397,0,0,0,0,0,1,0,0,-3.19227558,3.206871108,3.701663131,87.64952818,247.9084074,9.403005487,7.936433309,-4.704443223,-4.950046779,0.03208115,0.003755887,0.050106991,0.000264585,0.000332117,0.012627184,0.838834733,0.151464581,0.832718968,0.010697704,0.127480373,0.978781641,0.972942352,65.80155744,0.717369433,30.47291857,0.000136353,0.996629536,1.53E-05,1,1.45E-08,4.10E-05,0.218220338,0.999637365,0.00415164,0.970867395,4.43E-05,0.999200284,2.60E-06,0.001060073,13.31284931,1.381799373,2.336518218,4.176382625,5.586230229,4.96246649,0.370500326,0.580236971,0.051563133,0.190603286,0.770678043,0.904095471,0.098202512,0.507690907,0.000200681,0.006289288,0.903862536,0.636926055,0.627007902,0.684610426,0.144978538,0.063065931,0.505246878,0.077198744,0.096786752,0.296341509,0.001128273,2.54E-05,2.48E-06,8.43E-05,0.138813555,0.067119181,3.10E-06,0.002132645,4.82E-05,0.002440121,0.003369117,3.45E-06,3,0,0,0,0,0,0,4,0.145,0,0.002,0.038,0.028,0.006,0.022,0,0,0,0,-5.77,1,0,6
33,OC1C(NCc2nccs2)C2COC(O2)C1n1cc(Cl)cn1,342.06,292.710411,1.168595264,7,2,81.43,4,4,7,9,0,19,0.210526316,5,1,0.855,5.188,0.538,72,-0.911,3,0,0,0,0,0,0,0,-2.03791923,1.076308768,0.688768205,160.0877146,293.8869904,7.564153924,4.64014613,-5.33114091,-4.846922936,0.560625851,0.004174788,0.172806278,0.05572772,0.007407367,0.096065581,0.087660491,0.087232769,0.348514885,0.001586237,0.94210887,0.554036796,0.702537954,89.3360046,-0.042382694,10.32650289,0.002869195,0.168042749,0.004130691,0.246181205,0.003552047,0.820115685,0.000772432,0.147359073,0.008515103,0.069983244,0.00174954,0.04882054,2.98E-05,0.101904251,4.157175496,1.617316372,0.280412882,2.837914258,4.125140589,3.337893353,0.169511065,0.624094367,0.972072899,0.744596779,0.339019209,0.293702096,0.578097105,0.355248243,0.001857294,0.078289308,0.587665379,0.720941305,0.566146076,0.827250481,0.104624212,0.183638155,0.976593971,0.077102378,0.036210787,0.440069586,0.010169965,0.000958474,5.40E-08,4.37E-05,0.062156282,3.24E-06,4.23E-08,0.796340346,0.000361929,0.000303301,8.32E-06,7.55E-05,4,0,0,0,1,2,5,0,0.025,0,0.076,0.025,0.009,0.943,0.001,0,0,0,0,-8.47,0,0,5.9
34,COC(=O)C1CC2(C)C(CC(O)C2(O)C(=O)COC(C)=O)C2CCC3=CC(=O)C=CC3(C)C12,460.21,461.2333157,0.997781349,8,2,127.2,6,4,17,8,0,24,0.25,8,1,0.605,4.717,0.68,79.714,2.017,5,0,0,0,0,0,1,0,-4.022006746,2.18892903,1.991037032,210.1219161,319.7796669,7.245217107,4.011349727,-5.206567095,-4.878464158,0.676852405,0.149856389,0.019688936,0.026684046,0.20256114,0.734354466,0.917469442,0.109507911,0.960588038,0.0001932,0.988822937,0.959493399,0.958225965,85.22409051,0.152576454,14.94226424,3.84E-08,0.007432705,1.98E-07,0.002213,0.000963242,0.232737377,1.49E-05,8.36E-06,2.32E-05,0.986627996,5.48E-09,0.015487114,0.099654801,0.024033777,5.361733317,1.670959844,0.636586535,3.660288281,5.602344076,4.691639753,0.080515765,0.248664081,0.16480653,0.386620909,0.238351926,0.942013025,0.025348917,0.500291467,2.13E-06,0.006128735,0.291726619,0.585659444,0.224852592,0.761572182,0.211219013,0.193414852,0.951503396,0.056775227,0.007722151,0.308560282,1.11E-05,0.028108448,0.003492493,2.66E-05,0.009035453,4.96E-06,1.11E-09,0.000213235,2.31E-06,1.19E-06,1.98E-06,4.87E-05,4,4,0,0,8,11,7,5,0.152,0.016,0.036,0.328,0.191,0.023,0.165,0,0,0,0,-7.77,1,1,4.9
35,O=C(c1cccnc1)N1CC2CC(O)CN2C2(CN(Cc3ccc(C(F)(F)F)cc3)C2)C1,446.19,424.8967849,1.050113853,6,1,59.91,5,5,9,9,0,27,0.185185185,2,1,0.784,3.979,0.478,135.882,-0.966,0,0,0,0,0,0,1,0,-3.825769173,2.444746939,2.280434846,217.2130889,310.0331252,9.070696666,6.471900743,-4.695587965,-4.809619387,0.81648916,0.010125297,0.942883074,0.009176254,0.004714072,0.003353059,0.008490443,0.284940481,0.146968707,0.000205593,0.086365983,0.682572305,0.998136282,90.2521197,0.157063387,8.279965656,1.93E-07,0.998012543,8.64E-05,0.251512527,0.004748484,0.09573327,0.012183156,0.199980304,0.988676667,0.996188104,1.54E-05,1.54E-06,0.968914151,0.039281156,5.023220517,1.008519362,0.389052229,3.040545602,4.245566362,3.522097589,0.935835958,0.539025068,0.381522954,0.101443872,0.69723475,0.845781982,0.660615385,0.093385734,8.14E-08,0.004578241,0.94872582,0.798654318,0.954141498,0.906685591,0.130244091,0.93611145,0.998469651,0.08531177,0.108907185,0.623051405,0.006464908,0.002024902,7.03E-06,0.014181323,0.038607098,5.24E-05,4.07E-06,0.035503563,7.43E-06,7.41E-05,0.000613718,0.000233225,2,0,0,0,0,4,19,0,0.073,0.001,0.007,0.577,0.001,0.056,0,0,0,0,0,-7.76,0,1,4.8
36,CN(CC1CCCN2CCCCC12)C(=O)c1ccc(Nc2ncccn2)cc1,379.24,400.1611154,0.94771827,6,1,61.36,6,4,10,6,0,24,0.25,2,0,0.861,3.069,0.5,70.909,-1.122,7,0,0,0,0,0,0,0,-3.182362678,2.805698435,2.83655609,110.635072,287.0533924,9.114585051,7.710185345,-4.661024827,-5.005497553,0.045487087,0.00054828,5.32E-05,0.000147581,0.103918314,0.615938485,0.994900073,0.998824179,0.999594867,0.035351425,0.985413909,0.088268623,0.9726035,76.60337247,0.433286291,20.0546356,2.98E-12,4.10E-05,3.51E-09,0.999938369,5.13E-10,3.45E-10,0.999944806,0.998245239,0.00090126,0.999998212,0.129398271,1.67E-06,2.53E-07,0.931483626,5.315992626,0.537476297,0.693509058,3.219722369,4.438704176,3.858008022,0.853161156,0.431934953,0.929258943,0.300287098,0.773977935,0.40959233,0.754639566,0.226793274,2.03E-06,0.122438692,0.960404038,0.630036891,0.666979551,0.7745561,0.049672626,0.894143939,0.99305737,0.088521488,0.021028476,0.43277207,0.000336483,2.56E-06,3.41E-05,0.006565316,0.004190834,6.14E-07,0.000219863,0.081906825,0.166335642,2.29E-05,0.002082615,0.021432191,1,0,0,0,2,0,7,2,0.031,0.157,0.057,0.268,0.001,0.447,0.055,0,0,0,0,-6.32,0,1,4.6
37,Cc1ccc2[nH]c(C3CCN(Cc4ccc(Cl)cc4)C3)nc2c1,325.13,332.7004796,0.97724536,3,1,31.92,3,4,9,4,0,21,0.142857143,1,0,0.768,2.496,0.316,66.4,-1.943,0,0,0,0,0,1,1,0,-4.386358828,3.648268879,4.10738692,174.006101,317.9264723,10.59306905,7.58751993,-5.282293488,-4.704406582,0.006752417,0.943249762,0.45024991,2.01E-05,0.000445783,0.002681911,0.003570974,0.20931533,0.114082508,0.025530705,0.999995232,0.951252103,0.992869675,96.18810834,0.307221417,3.496565656,0.994633555,0.97675848,0.240400627,0.863757312,0.099578902,0.269745678,0.998585701,0.933064878,0.456397653,0.843947589,0.008339059,4.73E-05,0.992424488,0.918908,6.603493412,0.401047009,2.151415912,4.133786673,5.310508755,4.963863871,0.958891273,0.935319424,0.333283484,0.304082811,0.722510219,0.864436626,0.757267356,0.412541568,0.000784641,0.104725771,0.980820775,0.7433272,0.963568747,0.692369998,0.344636261,0.925176322,0.648894191,0.056634322,0.458825111,0.901859879,0.401022166,0.029758882,0.001764064,0.091881238,0.072732389,0.000111995,0.000825327,0.305708796,0.003696358,0.074314095,0.191897422,0.062204912,1,7,0,0,10,2,7,0,0.713,0.04,0.072,0.785,0.001,0.324,0.011,0,0,0,0,-5.28,0,1,5.1
38,O=Cc1ccc(NN=Cc2ccc(O)cc2)cc1,240.09,252.0696377,0.952474888,4,2,61.69,4,2,6,4,0,14,0.285714286,0,0,0.49,2.019,0,10,-0.656,20,3,0,10,0,0,0,0,-3.842203963,2.879228608,2.774326311,202.6483987,332.5501265,8.911752606,4.342426767,-4.952598375,-4.80537443,0.149711534,0.981383979,0.000307831,0.010605037,0.618033409,0.82963568,0.955258895,0.968146265,0.999427736,0.027887877,0.997381151,0.000151278,0.00093908,92.260126,0.122642839,8.364880177,0.964838743,0.135561094,0.609785318,0.000197156,0.614885211,0.000886993,0.066759922,0.572492421,0.975803137,0.001116954,0.224286199,5.91E-08,0.996596277,0.251401842,6.376295468,0.973950109,1.083984732,3.541399707,4.357285715,3.949995522,0.075349592,0.483576864,0.758608282,0.900466859,0.326895356,0.53270483,0.987589598,0.931046307,0.212430954,0.997270405,0.907309711,0.441925108,0.960318863,0.10263177,0.387940437,0.478806406,0.991827846,0.017585548,0.016454201,0.469432354,0.929458559,0.002599768,0.000510649,0.017346105,0.971602619,0.141697019,0.001240124,0.846676648,0.144253224,0.070897147,0.811546326,0.418655515,0,0,3,0,5,0,12,2,1,1,0.011,0.934,0.29,0.467,0.042,0,0,0,0,-5.88,2,1,4
39,c1cn2c3c(n1)CCCc3c1cc(C3CCCCC3)ccc12,290.18,317.8686362,0.912892834,2,0,17.3,1,5,15,2,0,25,0.04,0,0,0.615,2.673,0.45,60.276,-0.517,0,0,0,0,0,1,1,0,-5.760456442,3.812002651,4.926696942,160.0990129,358.5575582,10.53023692,5.496695582,-4.53071209,-4.641767262,0.001823359,0.726411164,0.018184192,0.000715792,0.005451739,0.026820123,0.091318548,0.709680676,0.883528471,0.634869576,0.999403834,0.934714139,0.965797484,98.28919061,0.232059276,0.99579681,0.980382323,0.73864603,0.98322314,0.915689349,0.031680908,0.926709652,0.492023796,0.398799628,0.619449258,0.068539165,0.806379735,0.862255931,0.997326374,0.938006699,6.672973672,0.240325279,2.562976155,4.786514152,5.624041288,5.780864605,0.615825474,0.730584562,0.788495362,0.837175071,0.710150659,0.977120161,0.115065955,0.789666831,6.59E-07,0.023859421,0.950415134,0.815937459,0.903586328,0.889782548,0.679290354,0.804211438,0.675944626,0.243912488,0.671295106,0.809452474,0.008244297,0.078588367,0.000128012,0.829937041,0.075509109,0.001600469,0.834879816,0.816452146,0.280799061,0.107413284,0.413624972,0.039457798,0,3,0,0,0,0,10,2,0.822,0.379,0.82,0.245,0.005,0.68,0.407,0,0,0,1,-3.82,0,1,4
40,COC(=O)C1Cc2ncn(Cc3ccc(Cl)cc3)c2CN1C(=O)c1ccc(N(C)C)cc1,452.16,448.6384703,1.007849371,7,0,67.67,7,4,9,8,0,24,0.291666667,1,0,0.555,2.984,0.292,76.645,-1.333,7,0,0,0,0,0,1,0,-3.91882271,2.715084595,2.465199426,168.2018396,319.8797715,9.894707529,4.519276935,-5.112410083,-4.738777366,0.041034888,0.998474419,0.142009959,0.008555472,0.015223861,0.25144875,0.484448254,0.986627996,0.99316591,0.00926389,0.999898195,0.005413922,0.785799026,97.41323979,-0.022501755,2.094591356,0.924157381,0.159553409,0.997574866,0.828494251,0.487559199,0.000176379,0.770349443,3.56E-05,0.999324799,0.993699193,0.99992466,0.00111356,0.998965859,0.018099459,6.758534543,0.352905662,1.25457737,3.997331536,5.207960907,4.852314876,0.530608654,0.464922369,0.988648832,0.262188792,0.27570954,0.784232914,0.440567046,0.697315514,7.46E-06,0.168801442,0.898464382,0.790668964,0.925807536,0.865340829,0.706445992,0.965611041,0.999518514,0.057218522,0.201061398,0.799567163,0.171129391,0.00052107,0.000659262,0.189488724,0.073023804,0.026595119,0.000507218,0.140210956,0.000406022,0.087362587,0.163416013,0.026842738,2,7,0,0,6,2,12,2,0.269,0.011,0.008,0.808,0.002,0.121,0.002,0,0,0,0,-6.67,0,1,4
41,O=C(Cn1c(=O)cc(C(=O)N2CCCCC2)c2ccccc21)Nc1ccc(F)c(Cl)c1,441.13,426.4132835,1.0345128,6,1,71.41,6,4,10,8,0,26,0.230769231,0,0,0.663,2.15,0.261,53.931,-2.163,0,0,0,0,0,1,1,0,-4.678372579,3.571634374,3.725526028,139.8684241,339.062196,9.17593811,4.41456113,-5.02062013,-4.453998899,0.045889091,0.64721477,0.000353927,1.07E-06,0.000166893,0.000110269,0.063546419,0.052986644,0.741670489,2.55E-05,0.999990225,0.975104094,0.770281672,98.56165634,0.358592418,1.100862501,0.904649079,0.000767751,0.787611842,0.91586417,0.996385336,0.016447321,0.193442181,0.694396138,0.999686003,0.045343354,0.009835362,1.85E-05,0.992316961,0.99850142,5.365050734,0.273901025,1.374634244,4.148977332,5.553016051,5.06379505,0.447281659,0.369416744,0.843210161,0.55937922,0.375412494,0.915841699,0.450938165,0.359175205,3.86E-05,0.219432741,0.698489487,0.678195894,0.968923569,0.24518986,0.551738381,0.951377034,0.99749136,0.150079474,0.222805515,0.781834424,0.097662866,0.063633576,0.007872936,0.347917676,0.016650824,0.000629878,0.065626867,0.324351549,0.040427785,0.325706512,0.18403767,0.286553621,2,0,0,0,5,2,12,2,0.778,0.018,0.262,0.915,0.001,0.25,0.003,0,0,0,0,-6.74,0,1,4
42,O=C(Cn1c2c(c3ccccc31)CCn1c-2nc2ccccc2c1=O)N1CCCCC1,412.19,424.8202427,0.970269207,6,0,60.13,3,6,21,6,0,33,0.090909091,0,0,0.506,2.467,0.32,72.727,-0.807,0,0,0,0,0,0,1,0,-3.410147528,2.590446477,2.277161787,160.3803482,283.8910645,7.689395212,6.377010981,-4.819966208,-4.624999082,0.007675988,0.98821938,0.029155528,0.000491977,0.005268097,0.018517852,0.320010781,0.389056683,0.922989428,0.002182296,0.999945998,0.651767552,0.786738455,94.59702306,-0.18071029,5.286357598,0.858329177,0.969150126,0.029290477,0.999269307,0.480618626,0.95240438,0.008641812,0.995979905,0.997601569,0.964086592,1.22E-06,6.39E-06,0.127062589,0.906761825,4.709123755,0.282149939,1.273942471,4.253458101,5.39371479,5.144392428,0.492324561,0.688567698,0.370215714,0.690532267,0.380471975,0.83575213,0.726887047,0.555966437,1.97E-06,0.038859919,0.78560394,0.675110936,0.982911825,0.567062616,0.534524858,0.485225201,0.921105981,0.04969804,0.111808725,0.573570728,0.616169751,0.030280866,0.030895814,0.542283356,0.630702138,0.003700663,0.010600453,0.451582134,0.816554964,0.205604866,0.065747917,0.286115676,0,1,0,0,0,0,12,1,0.589,0.073,0.972,0.798,0.001,0.307,0.015,0,0,0,0,-6.37,0,1,4
43,O=C1N(c2ccccn2)CC2CN(Cc3ccccc3)CCN12,308.16,319.9804139,0.963058946,5,0,39.68,3,4,9,5,0,23,0.130434783,1,0,0.873,2.696,0.333,64.917,-1.571,0,0,0,0,0,0,0,0,-1.657202874,1.883831595,1.853603158,133.1736188,299.6548096,10.6267688,6.880981184,-4.643707361,-4.559973203,0.007474562,0.401844174,0.687394619,0.001267374,0.002425849,0.023613632,0.019283772,0.023640335,0.057026863,0.00084351,0.977154076,0.95290494,0.979435205,70.62059377,-0.039281655,25.8778152,0.001119023,0.993042469,0.092957646,0.822810233,0.002887757,0.286260486,0.12118867,0.145988062,0.065075845,0.996499062,2.95E-05,0.196366861,0.002126337,0.006559586,4.208622965,0.985359905,0.329248808,2.933723231,4.062770532,3.408545675,0.779350758,0.665204704,0.457813442,0.445497066,0.57056582,0.586995423,0.837448716,0.501506865,0.003477923,0.084620096,0.913440466,0.853984952,0.989099562,0.440483212,0.362336785,0.884345412,0.995186508,0.056288309,0.035409678,0.36378628,0.005688555,0.041389886,0.000270313,0.010745883,0.040408943,0.000194138,2.31E-05,0.106814452,0.000457118,0.0088485,0.000858815,0.011704389,1,0,0,0,5,0,12,2,0.119,0.001,0.049,0.409,0.002,0.319,0,0,0,0,0,-6.97,0,0,4
44,O=C(CN1CCCCC1)Nc1c2c(nc3ccccc13)N(Cc1ccccc1)CC2,400.23,427.2229336,0.936817686,5,1,48.47,6,5,13,5,0,28,0.214285714,0,0,0.697,2.22,0.36,57.882,-1.426,0,0,0,0,0,1,1,0,-3.85260202,3.346812794,3.846335174,133.5103827,328.6681307,8.977416722,7.736308448,-5.063720852,-4.641302812,0.013448142,0.998160779,0.016518909,0.005676389,0.001396358,0.030180156,0.438300371,0.738676846,0.865971982,0.003097571,0.999783933,0.820479453,0.862824917,97.09834354,0.573174319,2.336004231,0.010539901,0.191535443,0.989125967,0.519110978,0.010229611,1.04E-06,0.999903917,0.614013493,0.414977759,0.033328038,0.999675751,0.008683654,0.957496405,0.997122109,4.625655717,0.425154171,1.333266133,4.394948109,5.239361217,5.190783044,0.996201575,0.948511481,0.575639009,0.662353933,0.673262179,0.955922604,0.853103518,0.298027158,2.90E-12,0.000108121,0.990969002,0.80329591,0.996233046,0.450968713,0.25984779,0.934407234,0.981159866,0.117683023,0.709602833,0.945516825,0.014967023,0.00388072,0.0130395,0.059608631,0.425071269,0.000701749,0.000613146,0.240028873,0.025701316,0.131204069,0.01226812,0.347592264,1,0,0,0,5,0,12,2,0.573,0.004,0.88,0.712,0.001,0.178,0.091,0,0,0,0,-5.72,0,2,4
45,CC1=CC2C(O)C(=O)C3(O)CCCN4CCCC2C43C1,277.17,283.1609103,0.978842735,4,2,60.77,0,4,0,4,0,20,0,5,1,0.645,5.891,0.812,91.862,2.696,0,0,0,0,0,0,0,0,-2.163863818,1.603719196,1.330194269,182.6938426,286.0026677,8.207801058,8.187032124,-4.737556584,-4.769100839,0.885003388,0.007264308,0.591203094,0.024761021,0.256997406,0.405584991,0.598228127,0.102212474,0.318843961,0.039976466,0.423722625,0.737995982,0.987533927,38.36752164,0.19395565,57.10831654,6.77E-10,0.004920428,1.09E-06,0.300877064,1.31E-08,0.000341858,0.003059162,0.004486927,0.034284353,0.845762551,6.23E-05,3.97E-07,0.000392108,0.122905336,4.057636334,2.830839739,0.659451157,3.289586139,4.797933401,3.914596882,0.109422751,0.372921467,0.170555502,0.460577875,0.634827137,0.682906747,0.150326028,0.571700215,0.001996641,0.097405449,0.803890049,0.572796822,0.542533219,0.681247413,0.278628647,0.291473895,0.715012014,0.075288765,0.070508093,0.289507538,2.98E-05,0.02979945,0.000405924,0.007193798,0.001662021,8.01E-07,8.48E-06,0.000545003,0.149052531,0.000289494,3.96E-05,0.017841734,4,0,0,0,4,0,0,0,0.031,0,0.012,0.138,0.005,0.027,0.08,0,0,0,0,-7.7,1,0,4
46,OC1COC(Cn2cc(C3CC3)nn2)C1NCc1ccc(C(F)(F)F)cc1,382.16,352.2462356,1.084922879,6,2,72.2,7,4,6,9,0,19,0.368421053,3,0,0.801,3.774,0.556,80.5,-0.803,0,0,0,0,0,0,0,0,-3.351600163,2.12717689,1.870625548,167.0492508,307.7192459,8.154564831,6.122451044,-5.355557196,-5.067159019,0.020529255,0.879347742,0.008555668,0.037246168,0.033866107,0.709649891,0.189105034,0.749511123,0.917797863,0.044010758,0.972895443,0.904824793,0.319103599,96.29221359,0.15822158,2.869778863,0.026893079,0.962445319,0.004363204,0.975379288,0.00047857,0.680011094,0.006456286,0.153443038,0.810288727,0.986781061,6.91E-06,0.047754399,0.045732521,0.004036354,8.411489071,1.29820161,1.488743323,3.563213214,5.080573357,4.384370322,0.388813585,0.691535354,0.342261225,0.46493265,0.593587339,0.895199358,0.016777292,0.234327763,1.41E-06,0.016327694,0.579544544,0.78396529,0.780162275,0.977012038,0.097470447,0.573080361,0.998217165,0.078089841,0.396167964,0.74666512,0.004206161,0.017010741,0.000316959,0.158975601,0.464318365,0.004743746,4.80E-05,0.313200653,0.014578653,0.001047187,0.033026978,0.003195738,4,0,0,0,0,4,0,0,0.034,0,0.002,0.225,0.003,0.412,0.001,0,0,0,0,-7.72,0,1,5.5
47,O=C(NCC1OC(CO)C(O)C1N1CCOCC1)c1ccc(F)c(Cl)c1,388.12,353.5962781,1.097635988,7,3,91.26,6,3,6,9,0,18,0.333333333,4,0,0.659,3.546,0.588,64.667,-0.715,0,0,0,0,0,0,0,0,-2.546130792,1.291949926,0.873950474,166.7518372,298.6098524,8.756986607,6.346316957,-5.590518793,-5.088240289,0.97620368,0.000670119,0.520755827,0.006892741,0.007308543,0.315297723,0.698618144,0.006743358,0.06971278,0.002647513,0.838147223,0.875891864,0.950445056,57.26846085,0.082817003,38.77455375,6.32E-07,2.45E-05,1.11E-06,0.129861385,0.003168716,0.000173181,6.52E-06,0.003959535,3.76E-05,0.00898137,2.29E-05,3.17E-10,0.313522607,0.099958122,5.955107124,1.349909456,0.348967811,3.144683612,4.852643761,3.785229222,0.288945764,0.37652716,0.865483165,0.617051005,0.332903594,0.091852918,0.281612128,0.473912507,5.19E-07,0.057023868,0.082799621,0.71873492,0.827453017,0.951868415,0.144291028,0.880059183,0.791192234,0.07257846,0.047089752,0.39264524,0.05890977,0.053390071,0.018787604,0.011626592,0.099861935,0.013178634,0.001010526,0.455660909,0.063654758,0.023063615,0.010624781,0.285751432,4,0,0,0,0,2,12,0,0.025,0,0.027,0.285,0.003,0.125,0,0,0,0,0,-8.2,0,1,5
48,NCCCCNCCCNCCCNCCCNC(=O)c1ccc(O)cc1,379.29,407.9381256,0.929773356,7,7,111.44,18,1,6,7,0,7,2.571428571,0,0,0.223,2.268,0.65,6,-0.14,15,4,0,0,0,0,0,0,-0.646302541,0.242784964,-0.142306518,88.55758985,303.7856854,8.186064016,9.022110599,-5.779080138,-5.626744617,0.999862432,0.032745656,1,0.007851124,7.02E-05,0.022223473,0.986578263,1.42E-14,1.47E-14,0.004439149,0.000152366,1.12E-09,0.986837029,53.43013401,-0.227284557,32.90710963,2.57E-06,0.000484346,1.67E-07,0.999944329,1.01E-09,1.07E-09,0.000167423,0.892727613,3.82E-05,0.350516111,4.63E-07,3.53E-09,1.48E-05,0.000398367,7.432849863,0.819126628,0.230926669,2.595599829,4.169528379,3.084990403,0.997985959,0.980698287,0.054715201,0.901366532,0.035775479,0.511739075,0.999999285,0.002967455,0.75551182,0.003258897,0.85377568,0.883744955,0.701902688,0.703018785,0.101747751,0.983079314,0.796875775,0.334342211,0.305702031,0.860663652,0.033280492,1.15E-05,0.004693351,0.249539927,0.159902394,0.000182652,0.002348909,0.999555171,0.529614389,0.000697109,0.013829751,0.000902973,0,0,0,0,2,0,12,0,0.294,0.014,0.003,0.264,0.01,0.602,0.422,0,1,0,2,-8.33,0,2,5
49,OC1(c2csc(CN3CCN(c4ccccn4)CC3)n2)CCN(C2CCC(F)(F)CC2)CC1,477.24,462.1136872,1.032732882,6,1,55.73,5,5,6,9,0,29,0.172413793,0,0,0.709,3.022,0.667,77,-1.441,9,0,0,0,0,0,1,0,-3.197666422,2.753942928,2.627073641,133.9662541,256.0745868,8.041853395,7.886121487,-5.213998889,-4.849691978,0.016142327,0.0606176,0.017107241,0.001629889,0.042891502,0.275941193,0.519862562,0.021302745,0.139678746,0.000764214,0.996988833,0.973050714,0.98699224,73.30425267,0.337335727,29.42610026,1.78E-12,0.999998927,1.39E-05,0.999019027,3.67E-06,0.004040664,0.99996841,0.99219346,7.06E-06,0.999991417,0.999976277,1.39E-05,3.04E-07,0.32770285,10.02027427,1.026547582,0.825428807,3.367741017,4.852845978,4.19327753,0.960583091,0.681041539,0.064476401,0.127078295,0.864471972,0.848789275,0.388699353,0.515279114,4.56E-05,0.001489402,0.996734917,0.799744189,0.881904542,0.763102829,0.117862418,0.975314379,0.997875452,0.07807032,0.053898338,0.674477339,0.001292212,0.001759276,0.014088728,0.003361054,0.106384948,0.000369357,0.015441506,0.66325295,0.191020027,0.087976977,0.003839553,0.014879422,1,2,0,0,0,3,5,2,0.007,0.001,0.015,0.365,0.001,0.687,0.043,1,0,0,0,-6.98,0,1,4
50,C=CCNC(=O)NC1CCN(C(=O)c2cnccn2)C1C(=O)NCCCC(=O)OC,418.2,408.9072871,1.022725721,11,3,142.62,14,2,6,11,0,16,0.875,2,0,0.282,3.479,0.474,46,-1.222,0,0,0,0,0,0,1,0,-1.583806463,0.06329945,-0.393465772,172.0979369,311.6292423,8.275340405,3.454142622,-5.362992099,-5.042565406,0.972613633,0.224362671,0.985582471,0.488752067,0.481759369,0.894328542,0.954808485,0.086734317,0.218041822,0.0803314,0.928673446,0.003978141,0.863331318,22.22298516,-0.357939258,75.05205218,1.39E-09,0.045470342,0.001354496,0.993523359,4.88E-05,0.860402524,0.000113578,0.329928964,0.942353427,0.999498844,1.04E-06,3.96E-06,0.292771548,0.999594033,6.138318422,0.658695655,0.194733318,2.585042268,4.271622114,3.421317095,0.06745629,0.071560815,0.605920076,0.161871061,0.163152486,0.12983495,0.891134501,0.291678607,3.16E-08,0.038867589,0.417151779,0.333045185,0.701380908,0.771615565,0.222775698,0.765326262,0.995969415,0.044400528,0.001133119,0.014549499,6.61E-05,1.48E-06,4.98E-07,4.38E-06,0.005809397,1.93E-06,1.82E-09,0.160396799,9.05E-06,1.04E-06,7.71E-06,0.000181007,0,0,0,0,5,9,15,0,0.002,0.006,0.007,0.417,0.002,0.457,0,1,2,1,0,-9.09,1,2,4